<config>
  <executableName>${app.executable}</executableName>
  <mainClass>${app.mainclass}</mainClass>
  <os>ios</os>
  <arch>thumbv7</arch>
  <target>ios</target>
  <iosInfoPList>Info.plist.xml</iosInfoPList>
  <resources>
    <resource>
      <directory>../@{PRJ_ANDROID_NAME}/assets</directory>
      <includes>
        <include>**</include>
      </includes>
      <skipPngCrush>true</skipPngCrush>
    </resource>
    <resource>
        <directory>data</directory>
    </resource>
  </resources>
  <libs>
    <lib>libs/ios/libgdx.a</lib>
    <lib>libs/ios/libObjectAL.a</lib>
  </libs>
  <frameworks>
    <framework>UIKit</framework>
    <framework>OpenGLES</framework>
    <framework>QuartzCore</framework>
    <framework>CoreGraphics</framework>
    <framework>OpenAL</framework>
    <framework>AudioToolbox</framework>
    <framework>AVFoundation</framework>
  </frameworks>
</config>